Comment,Designator,Footprint,LCSC Part #
1.5k,R37,R_0603_1608Metric,C22843
100,"R10,R11,R12,R13,R16",R_0603_1608Metric,C22775
100k,"R17,R19,R21,R23,R25,R26",R_0603_1608Metric,C25803
100nF,"C2,C3,C5,C10,C11,C12",C_0603_1608Metric,C14663
10k,"R28,R31,R39",R_0603_1608Metric,C25804
10mR 2W,"R2,R4",R_Shunt_2512_Kelvin,C105366
10nF,C8,C_0603_1608Metric,C57112
10uF,"C4,C6,C7,C9,C13",C_0805_2012Metric,C15850
1k,"R14,R15,R18,R20,R22,R24,R36",R_0603_1608Metric,C21190
220,"R32,R33,R34,R35",R_0603_1608Metric,C22962
2mR 3W,R1,R_Shunt_2512_Kelvin,C154685
330,"R27,R40",R_0603_1608Metric,C23138
4.7k,"R29,R30,R38",R_0603_1608Metric,C23162
5mR 3W,R3,R_Shunt_2512_Kelvin,C154688
AO3400A,"Q1,Q2,Q3",SOT-23,C20917
DS3231SN,U9,SOIC-16W_7.5x10.3mm_P1.27mm,C9866
INA4235,U3,TI_DSBGA-16_YBJ_1.5x1.5mm_P0.4mm,C33440856
LED green,"D2,D3,D4,D5,D6",LED_0603_1608Metric,C12624
PCA9685PW,U8,TSSOP-28_4.4x9.7mm_P0.65mm,C2678753
SMBJ20A,D1,D_SMB,C151922
SMBJ20CA,D7,D_SMB,C151921
TPS73733,U7,SOT-223-6,C31334
