LCSC,Value,MPN (design),JLC model,Package,Per board,Need for 2,JLC stock 2026-10-03,Library,Unit price USD
C4172,1.5M,SMD:R 1.5M 1%,0603WAF1504T5E,0603,1,2,217794,expand,0.0019
C22843,1.5k,SMD:R 1.5k 1%,0603WAF1501T5E,0603,1,2,4814537,base,0.002
C22859,10,SMD:R 10 1%,0603WAF100JT5E,0603,10,20,8035398,base,0.0032
C22775,100,SMD:R 100 1%,0603WAF1000T5E,0603,13,26,11544509,base,0.0031
C25803,100k,SMD:R 100k 1%,0603WAF1003T5E,0603,16,32,22108555,base,0.0031
C14663,100nF,100nF,CC0603KRX7R9BB104,0603,31,62,58069443,base,0.0123
C1525,100nF,100nF,CL05B104KO5NNNC,0402,4,8,21613368,base,0.0045
C25804,10k,SMD:R 10k 1%,0603WAF1002T5E,0603,16,32,23001243,base,0.0018
C844901,10mR 1W,Vishay WSL2512R0100FEA 10 mOhm 1 W,WSL2512R0100FEA,2512,2,4,9761,expand,0.358
C57112,10nF,10nF,0603B103K500NT,0603,3,6,6788981,base,0.0108
C1634,10pF,10pF,CL10C100JB8NNNC,0603,2,4,1257041,base,0.0076
C15850,10uF,10uF,CL21A106KAYNNNE,0805,7,14,4946571,base,0.0651
C77102,10uF 50V,10uF50V,GRM32ER71H106KA12L,1210,8,16,66298,expand,0.3288
C22807,150k,SMD:R 150k 1%,0603WAF1503T5E,0603,2,4,609299,base,0.0044
C44480,15A,Littelfuse 0451015.MRL 15 A 65 V,0451015.MRL,2410,1,2,37694,expand,0.245
C1647,18pF,18pF,CL10C180JB8NNNC,0603,2,4,425648,base,0.0157
C22935,1M,SMD:R 1M 1%,0603WAF1004T5E,0603,1,2,6599341,base,0.0019
C2128,1N4148WS,1N4148WS,1N4148WS,SOD-323,1,2,2446373,base,0.0158
C21190,1k,SMD:R 1k 1%,0603WAF1001T5E,0603,18,36,21599839,base,0.0026
C1588,1nF,1nF,CL10B102KB8NNNC,0603,12,24,7806741,base,0.0089
C15849,1uF,1uF,CL10A105KB8NNNC,0603,11,22,6233363,base,0.0168
C52923,1uF,1uF,CL05A105KA5NQNC,0402,2,4,5597595,base,0.0099
C23630,2.2uF,2.2uF,CL10A225KO8NNNC,0603,1,2,2613963,base,0.0181
C4184,20k,SMD:R 20k 1%,0603WAF2002T5E,0603,1,2,8033484,base,0.0023
C25092,22,SMD:R 22 1%,0402WGF220JTCE,0402,2,4,4611578,base,0.0027
C23345,22,SMD:R 22 1%,0603WAF220JT5E,0603,6,12,9017791,base,0.0017
C22962,220,SMD:R 220 1%,0603WAF2200T5E,0603,5,10,1898037,base,0.0035
C22961,220k,SMD:R 220k 1%,0603WAF2203T5E,0603,1,2,1440699,base,0.0015
C454287,220uF 35V,"Panasonic EEH-ZK1V221UP 220 uF 35 V hybrid polymer, AEC-Q200",EEHZK1V221UP,"SMD,D8xL10.2mm",4,8,997,expand,0.8015
C31850,22k,SMD:R 22k 1%,0603WAF2202T5E,0603,3,6,3700925,base,0.0041
C12891,22uF,22uF,CL31A226KAHNNNE,1206,10,20,584674,base,0.1733
C23352,24k,SMD:R 24k 1%,0603WAF2402T5E,0603,1,2,968769,base,0.0024
C154685,2mR 3W,LR2512-23R002F4,LR2512-23R002F4,2512,1,2,28301,expand,0.1883
C3911672,3.3uH,Coilcraft XAL1010-332ME 3.3 uH 4.1 mOhm 18 A sat,XAL1010-332MED,"SMD,11.3x10mm",2,4,158,expand,11.4008
C23018,3.9k,SMD:R 3.9k 1%,0603WAF3901T5E,0603,1,2,857973,base,0.0027
C23138,330,SMD:R 330 1%,0603WAF3300T5E,0603,2,4,3271658,base,0.0026
C4216,33k,SMD:R 33k 1%,0603WAF3302T5E,0603,1,2,3234987,base,0.0022
C175263,39R 2W,CRH2512F39R0E04Z 2 W,CRH2512F39R0E04Z,2512,4,8,6123,expand,0.0594
C23153,39k,SMD:R 39k 1%,0603WAF3902T5E,0603,2,4,458068,base,0.0016
C23162,4.7k,SMD:R 4.7k 1%,0603WAF4701T5E,0603,18,36,22424139,base,0.0028
C19666,4.7uF,4.7uF,CL10A475KO8NNNC,0603,2,4,2523918,base,0.0295
C23046,4.99k,SMD:R 4.99k 1%,0603WAF4991T5E,0603,2,4,1523653,base,0.0024
C1623,470nF,470nF,CL10B474KA8NNNC,0603,4,8,925752,base,0.0296
C25819,47k,SMD:R 47k 1%,0603WAF4702T5E,0603,2,4,1861887,base,0.002
C1622,47nF,47nF,CL10B473KB8NNNC,0603,2,4,826746,base,0.0073
C272875,47nF,47nF,CC0402KRX7R9BB473,0402,2,4,1177052,expand,0.0039
C23186,5.1k,SMD:R 5.1k 1%,0603WAF5101T5E,0603,1,2,25255027,base,0.0015
C48467,5A,Littelfuse 0451005.MRL 5 A,0451005.MRL,2410,2,4,33509,expand,0.2457
C154688,5mR 3W,LR2512-23R005F4,LR2512-23R005F4,2512,1,2,11124,expand,0.1221
C23089,60.4k,SMD:R 60.4k 1%,0603WAF6042T5E,0603,1,2,92785,expand,0.0015
C23231,68k,SMD:R 68k 1%,0603WAF6802T5E,0603,1,2,1008455,base,0.0016
C142876,8A,Littelfuse 0451008.MRL 8 A 125 V,0451008.MRL,2410,1,2,19260,expand,0.3492
C367183,8MHz,8 MHz 12 pF 3225,XXDCELNANF-8MHZ,SMD3225-4P,1,2,10982,expand,0.3363
C20917,AO3400A,AO3400A,AO3400A,SOT-23,4,8,953602,base,0.0888
C8592,BAT54S,BAT54S,BAT54S KL4,SOT-23,1,2,168285,expand,0.0231
C501508,BSC010N04LS,Infineon BSC010N04LS OptiMOS 5 40 V 1.0 mOhm,BSC010N04LS,TDSON-8FL,2,4,11188,expand,0.8681
C3039672,BSC026N04LS,Infineon BSC026N04LS 40 V 2.6 mOhm (lower gate charge for the 10k pull-up),BSC026N04LS,TDSON-8(5x6),1,2,29359,expand,0.7056
C173429,BZT52C12,BZT52C12,BZT52C12,SOD-123,1,2,355445,expand,0.0161
C173432,BZT52C8V2,BZT52C8V2,BZT52C8V2,SOD-123,1,2,101308,expand,0.015
C238097,CR1220,Keystone 3000 SMT retainer (CR1220 cell not included),3000,-,1,2,7556,expand,0.3398
C5447274,DRV8316CR,DRV8316CRRGFR,DRV8316CRRGFR,VQFN40,2,4,2828,expand,4.295
C9866,DS3231SN,DS3231SN#T&R,DS3231SN#T&R,SOIC-16-300mil,1,2,4510,expand,9.3817
C49851,INA226,INA226AIDGSR,INA226AIDGSR,VSSOP-10,4,8,44009,expand,0.7544
C2286,LED red,KT-0603R (JLC basic),KT-0603R,0603,6,12,4800317,base,0.0076
C7955,LM393,LM393DR2G,LM393DR2G,SOIC-8,1,2,233708,base,0.0661
C2943584,LM61495,LM61495RPHR,LM61495RPHR,VQFN-16-HR(3.5x4.5),2,4,581,expand,2.7393
C7216630,LM74800,LM74800MDRRR,LM74800MDRRR,WSON-12(3x3),1,2,6031,expand,3.6757
C75549,MMBT3906,"Nexperia MMBT3906,215 PNP 40 V","MMBT3906,215",SOT-23,1,2,109255,expand,0.036
C13564,NTC 10k,NCP18XH103F03RB 10k B3380,NCP18XH103F03RB,0603,2,4,257718,expand,0.0464
C2678753,PCA9685PW,"PCA9685PW,118 (alt. PCA9685PW/Q900 C92206)","PCA9685PW,118",TSSOP-28,1,2,393,expand,2.871
C151257,SMBJ20A,Littelfuse SMBJ20A,SMBJ20A,DO-214AA,4,8,16790,expand,0.1841
C151258,SMBJ20CA,Littelfuse SMBJ20CA,SMBJ20CA,DO-214AA,1,2,14543,expand,0.1431
C403723,SN74LVC1G132,SN74LVC1G132DBVR Schmitt NAND,SN74LVC1G132DBVR,SOT-23-5,1,2,30058,expand,0.163
C521608,STM32G474RET6,"STM32G474RET6 (alt. STM32G431RBT6 C431633, same pinout)",STM32G474RET6,LQFP-64(10x10),1,2,361,expand,13.5369
C5382952,SWD,Samtec FTSH-105-01-F-DV-K (ARM Cortex 10-pin),FTSH-105-01-F-DV-K,"SMD,P=1.27mm",1,2,4953,expand,1.8858
C6971,TL431,TL431BCDBZR 0.5 %,TL431BCDBZR,SOT-23-3,1,2,6587,expand,0.1322
C404027,TLV75533,TLV75533PDBVR 3.3 V 500 mA,TLV75533PDBVR,SOT-23-5,1,2,136251,expand,0.1421
C1849461,TPS16630,TPS16630PWPR 60 V 6 A eFuse,TPS16630PWPR,HTSSOP-20,1,2,1131,expand,2.7734
C31334,TPS73733,TPS73733DCQR,TPS73733DCQR,SOT-223-6,1,2,2750,expand,0.452
C378970,encoder,JST BM07B-GHS-TBT,BM07B-GHS-TBT(LF)(SN)(N),"SMD,P=1.25mm",2,4,23395,expand,0.3036
C242145,470uF 16V,Panasonic EEU-FR1C471 470 uF 16 V low-ESR,EEUFR1C471,"Plugin,D8xL11.5mm",1,2,84,expand,0.2107
C2915055,E-stop loop,Wurth 61300211121 1x2 header + jumper (or the NC E-stop),61300211121,"Plugin,P=2.54mm",1,2,15308,expand,0.1247
C131339,Jetson UART,JST B3B-PH-K-S,B3B-PH-K-S(LF)(SN),"Plugin,P=2mm",1,2,138892,expand,0.0449
C7509570,MOT_BUS out,"Phoenix Contact MKDS 1,5/2-5,08 (1729128)",1729128,"Plugin,P=5.08mm",1,2,4419,expand,0.5365
C7433390,Pi 40-pin,Wurth 61204021621 2x20 box header,61204021621,"Plugin,P=2.54mm",1,2,119,expand,1.3867
C131337,Pi fan 5V,JST B2B-PH-K-S,B2B-PH-K-S(LF)(SN),"Plugin,P=2mm",2,4,62789,expand,0.0353
C144395,RoboClaw S,JST B4B-XH-A,B4B-XH-A(LF)(SN),"Plugin,P=2.5mm",1,2,87602,expand,0.0615
C157993,ToF,JST B5B-PH-K-S,B5B-PH-K-S(LF)(SN),"Plugin,P=2mm",6,12,158208,expand,0.0542
C2913282,XT30 JETSON,AMASS XT30PW-F,XT30PW-F20.G.Y,-,1,2,24307,expand,0.3398
C19268037,XT60 BAT,AMASS XT60PB-M vertical,XT60PB-M.G.Y,-,1,2,19495,expand,0.3593
C158012,bumpers rear,JST B2B-XH-A,B2B-XH-A(LF)(SN),"Plugin,P=2.5mm",2,4,311372,expand,0.0405
C157991,button,JST B5B-XH-A,B5B-XH-A(LF)(SN),"Plugin,P=2.5mm",1,2,69954,expand,0.0852
C131334,lidar C1,JST B4B-PH-K-S,B4B-PH-K-S(LF)(SN),"Plugin,P=2mm",1,2,111140,expand,0.0454
C240823,motor phases,Molex 26-60-4030 KK 396 7 A,26604030,"Plugin,P=3.96mm",2,4,11348,expand,0.2366
C2915006,servo 3,Wurth 61300311121 1x3 header,61300311121,"Plugin,P=2.54mm",4,8,16774,expand,0.2005
