Designator,Mid X,Mid Y,Layer,Rotation
C2,174.600mm,-187.600mm,Top,0.0
C3,162.500mm,-51.000mm,Top,0.0
C4,162.500mm,-63.000mm,Top,0.0
C5,142.000mm,-61.000mm,Top,0.0
C6,137.500mm,-81.000mm,Top,90.0
C7,150.500mm,-81.000mm,Top,90.0
C8,140.000mm,-74.500mm,Top,0.0
C9,121.500mm,-118.500mm,Top,-90.0
C10,180.000mm,-53.000mm,Top,0.0
C11,156.000mm,-27.000mm,Top,0.0
C12,135.000mm,-276.000mm,Top,0.0
C13,121.500mm,-122.800mm,Top,90.0
D1,205.500mm,-190.000mm,Top,90.0
D2,118.300mm,-146.500mm,Top,90.0
D3,188.600mm,-88.500mm,Top,90.0
D4,111.400mm,-88.500mm,Top,90.0
D5,181.000mm,-187.000mm,Top,-90.0
D6,155.000mm,-76.000mm,Top,90.0
Q1,150.000mm,-106.000mm,Top,0.0
Q2,148.500mm,-73.000mm,Top,0.0
Q3,180.000mm,-65.500mm,Top,0.0
R1,195.600mm,-190.600mm,Top,180.0
R2,185.500mm,-103.000mm,Top,90.0
R3,158.600mm,-253.000mm,Top,180.0
R4,114.500mm,-103.000mm,Top,90.0
R10,118.300mm,-170.000mm,Top,90.0
R11,118.300mm,-166.500mm,Top,90.0
R12,127.000mm,-69.000mm,Top,90.0
R13,129.000mm,-69.000mm,Top,90.0
R14,131.000mm,-69.000mm,Top,90.0
R15,133.000mm,-69.000mm,Top,90.0
R16,118.300mm,-163.000mm,Top,90.0
R17,118.300mm,-159.500mm,Top,90.0
R18,164.000mm,-188.000mm,Top,0.0
R19,164.000mm,-190.000mm,Top,0.0
R20,150.000mm,-110.000mm,Top,0.0
R21,150.000mm,-102.000mm,Top,0.0
R22,153.000mm,-74.000mm,Top,90.0
R23,148.500mm,-69.400mm,Top,0.0
R24,176.000mm,-65.500mm,Top,90.0
R25,180.000mm,-69.000mm,Top,0.0
R26,140.000mm,-72.000mm,Top,0.0
R27,184.000mm,-49.000mm,Top,0.0
R28,180.000mm,-55.000mm,Top,0.0
R29,156.000mm,-29.000mm,Top,0.0
R30,135.000mm,-274.000mm,Top,0.0
R31,168.000mm,-188.000mm,Top,0.0
R32,144.000mm,-49.000mm,Top,90.0
R33,148.000mm,-49.000mm,Top,90.0
R34,152.000mm,-49.000mm,Top,90.0
R35,156.000mm,-49.000mm,Top,90.0
R36,118.300mm,-150.000mm,Top,90.0
R37,188.600mm,-92.000mm,Top,90.0
R38,111.400mm,-92.000mm,Top,90.0
R39,181.000mm,-190.000mm,Top,90.0
R40,155.000mm,-79.500mm,Top,90.0
U3,172.000mm,-191.500mm,Top,0.0
U7,144.000mm,-79.000mm,Top,0.0
U8,158.000mm,-57.000mm,Top,0.0
U9,136.000mm,-55.000mm,Top,0.0
